DAFTAR HADIR PESERTA DIDIK SMP NEGERI 2 LAMONGAN,,,,,,,
TAHUN PELAJARAN 2026-2027,,,,,,,
,,,,,,,
Mata Pelajaran,,:,…………………………………,,,,
Kelas ,,:,IX,A,,,
,,,,,,,
NO URT,NAMA,L/P,NO INDUK,PERTEMUAN / TANGGAL,,,
,,,,1,2,3,4
,,,,,,,
1,ADINDA EKA RACHMAWATI,P,15103,,,,
2,AHMAD FIKRI AL AZIZI,L,15114,,,,
3,AURELLIA RACHMA DWI LETICYAH,P,15161,,,,
4,DAMARA ARMYELFREDA DAMURYA PUTRI,P,15188,,,,
5,DAVA ATHA MAULANA PRIANTO,L,15443,,,,
6,EKA SYIFA CITRA AZZAHRA,p,15200,,,,
7,FATIKA MARSHAYU RAMELVA,P,15448,,,,
8,GABRIELLA ZOE ISELAWATI,P,15226,,,,
9,GISELLA CANDRANINGTYAS,P,15231,,,,
10,IFANNI DWI SAPUTRO,L,15240,,,,
11,ISNAINI SAFA RAHMANIA,P,15448,,,,
12,JEFFRY SIA PUTRA,L,15448,,,,
13,JENNIFER LOUISE SETIAWAN,P,15247,,,,
14,KHINAR CALLYSTA RAFA FRIDELA,P,15258,,,,
15,LAILI SOBAKHAYUSRO,P,15264,,,,
16,LUKAS NATALI CHRISTIANTO,L,15266,,,,
17,M. WILDAN ADI SYAPUTRA,L,15278,,,,
18,M.FAHMI KURNIAWAN RAMADHAN,L,15270,,,,
19,MARSHA ARIANI PRAVISYA,P,15282,,,,
20,MUHAMMAD AGUS FITRONI,L,15307,,,,
21,MUHAMMAD FADHIL ATMADEVA ADYATAMA,L,15319,,,,
22,MUHAMMAD LUTFILLAH,L,15324,,,,
23,MUHAMMAD MISHBAHUL MUFID,L,15327,,,,
24,MUHAMMAD SYAIFUDIN,L,15304,,,,
25,MUHAMMAD TSABIT QAIS BASUKI,L,15336,,,,
26,NAZWA AURELIA SYIFA,P,15351,,,,
27,PASKHAZEA NAVAS SAKA BUANA,L,15361,,,,
28,PRATAMA MAULANA FURQON,L,15362,,,,
29,QUTROTUN NADA SYIFA' ELFITRAH,P,15366,,,,
30,RIDHO HASAN ASADILI,L,15380,,,,
31,SHELLY DAVINA NUR AFIFAH,P,15398,,,,
32,SILFI LELYANIK WIBOWO,P,15402,,,,
33,TUTUT HARDIYANTI DWI PUTRI KUSUMA,P,15417,,,,
34,VENO DANTHA WARDHANA,L,15420,,,,
35,YEHRICO NATAEEL CHRISTIAN GEOVANY,L,15428,,,,
,,,,,,,
,,,,,,,
,,,,,,,
,,,,,,,
L,18,,,,,,
P,17,,,,,,
Jml,35,,,,,,
